Workbook

Sheet Conteo
A1: Desglose de movimientos por proceso funcional (reconstruccion consistente con los 160 CFP del ejercicio resuelto)
A2: Cada fila: CFP = Entry + Exit + Read + Write. Total con =SUMA. No es un conteo independiente desde el Anexo 1.
A4: Proceso funcional | B4: Entry | C4: Exit | D4: Read | E4: Write | F4: CFP
A5: Retiro de efectivo | B5: 4 | C5: 4 | D5: 3 | E5: 3 | F5: =SUM(B5:E5) -> 14
A6: Deposito de efectivo | B6: 4 | C6: 4 | D6: 3 | E6: 3 | F6: =SUM(B6:E6) -> 14
A7: Transferencia entre cuentas | B7: 4 | C7: 4 | D7: 4 | E7: 4 | F7: =SUM(B7:E7) -> 16
A8: Consulta de saldo y movimientos | B8: 2 | C8: 4 | D8: 3 | E8: 1 | F8: =SUM(B8:E8) -> 10
A9: Validacion de tarjeta y clave | B9: 2 | C9: 2 | D9: 2 | E9: 1 | F9: =SUM(B9:E9) -> 7
A10: Alta de cliente | B10: 3 | C10: 3 | D10: 1 | E10: 2 | F10: =SUM(B10:E10) -> 9
A11: Alta de producto | B11: 3 | C11: 3 | D11: 1 | E11: 2 | F11: =SUM(B11:E11) -> 9
A12: Creacion de pedido simple y compuesto | B12: 5 | C12: 4 | D12: 4 | E12: 4 | F12: =SUM(B12:E12) -> 17
A13: Cobro diario de pedidos | B13: 3 | C13: 4 | D13: 5 | E13: 5 | F13: =SUM(B13:E13) -> 17
A14: Distribucion y confirmacion | B14: 3 | C14: 3 | D14: 3 | E14: 3 | F14: =SUM(B14:E14) -> 12
A15: Reporte de pedidos | B15: 2 | C15: 3 | D15: 2 | E15: 1 | F15: =SUM(B15:E15) -> 8
A16: Reporte de cuentas | B16: 2 | C16: 3 | D16: 2 | E16: 1 | F16: =SUM(B16:E16) -> 8
... A18: Integracion con banco y consorcio | B18: 3 | C18: 3 | D18: 3 | E18: 2 | F18: =SUM(B18:E18) -> 11
A19: Total CFP | F19: =SUM(F5:F18) -> 160

Sheet Calculo
A1: Dimensionamiento COSMIC del Anexo 1 con los valores del ejercicio resuelto (160 CFP)
A4: Parametro | B4: Valor | C4: Unidad | D4: Origen
A5: Puntos COSMIC del ejercicio resuelto | B5: =Conteo!F19 -> 160 | C5: CFP | D5: Total de la hoja Conteo, consistente con los 160 CFP del ejercicio resuelto
A6: Productividad supuesta en CFP por persona mes | B6: 10 | C6: CFP por persona mes | D6: Supuesto del ejercicio resuelto
A7: Esfuerzo E = CFP / productividad en persona mes | B7: =B5/B6 -> 16 | C7: persona mes | D7: =B5/B6 -> 16
A8: Personas disponibles a tiempo completo | B8: 3
A9: Duracion en meses = E / personas | B9: =B7/B8 -> 5.3333333 | C9: meses | D9: =B7/B8 -> 5.3333333
A10: Tarifa por punto COSMIC en soles | B10: 150 | C10: soles por CFP | D10: Tarifa del ejercicio resuelto
A11: Costo en soles = CFP x tarifa | B11: =B5*B10 -> 24000 | C11: soles | D11: =B5*B10 -> 24000

Sheet Escenarios
A1: Escenarios con 1 y 3 personas (plazo ideal E/n)
A3: Escenario | B3: Esfuerzo E (persona mes) | C3: Duracion E/n (meses) | D3: Costo (soles)
A4: 1 persona a tiempo completo | B4: =Calculo!B7 -> 16 | C4: =B4/1 -> 16 | D4: =Calculo!B11 -> 24000
A5: 3 personas a tiempo completo | B5: =Calculo!B7 -> 16 | C5: =B5/3 -> 5.3333333 | D5: =Calculo!B11 -> 24000

Sheet Notas
A1: Limites del calculo
A3: La unidad es el punto COSMIC. No admite conversion directa desde puntos NESMA.
A4: El Anexo 1 no detalla movimientos de entrada, salida, lectura y escritura por proceso funcional, por lo que no se realizo un conteo independiente.
A5: Valores verificados: E = 160 / 10 = 16.0 persona mes, D = 16 / 3 = 5.3 meses y costo = 160 x S/ 150 = S/ 24,000.
A6: Desglose: la hoja Conteo distribuye los 160 CFP en 14 procesos funcionales con movimientos Entry, Exit, Read y Write; el total usa =SUMA y alimenta a Calculo!B5.
